@CO	shape:(5,)
@CO	dtype:float64
@RG	ID:GATKCopyNumber	SM:Amm092
VALUE_0
0.00023648406633946503
0.0005888745610690963
-0.005058311098138009
6.308867507227715e-05
-1.5857823223314254
