@CO	shape:(5,)
@CO	dtype:float64
@RG	ID:GATKCopyNumber	SM:Amm092
VALUE_0
0.00018419011641779905
0.00018838367980957346
0.00014074600352900608
0.0001891106558658102
0.0001432971719663007
