@CO	shape:(5,)
@CO	dtype:float64
@RG	ID:GATKCopyNumber	SM:V129
VALUE_0
0.000232570239209227
-0.00012718104782014344
-0.0013268716466035572
3.0493984627296886e-05
-0.4767854592181574
