@CO	shape:(5,)
@CO	dtype:float64
@RG	ID:GATKCopyNumber	SM:V129
VALUE_0
0.00019467943907340175
0.0001744673103526703
0.00015147573868125666
0.0001852915094575505
0.00018827899516254593
