@CO	shape:(5,)
@CO	dtype:float64
@RG	ID:GATKCopyNumber	SM:V088
VALUE_0
-0.10231670205490744
0.001448930313438128
0.4508669580673132
-0.0008521969418623905
-1.810399277162469
