@CO	shape:(5,)
@CO	dtype:float64
@RG	ID:GATKCopyNumber	SM:V088
VALUE_0
0.0008952823844927595
0.0011614362517556479
0.0008055163567371129
0.0010197825191660592
0.0008738437812059854
