@CO	shape:(5,)
@CO	dtype:float64
@RG	ID:GATKCopyNumber	SM:Wes123
VALUE_0
3.568452432259334e-05
-0.00032811607655045916
-0.002765570003659912
-0.0005017604225842602
-1.5853879865838485
