@CO	shape:(5,)
@CO	dtype:float64
@RG	ID:GATKCopyNumber	SM:Wes123
VALUE_0
0.00016011794689222157
0.00016687339060064582
0.00013378875334290938
0.00016338544874082254
0.00013550647301844597
