@CO	shape:(5,)
@CO	dtype:float64
@RG	ID:GATKCopyNumber	SM:V088
VALUE_0
0.001011556716178839
0.0010435295597123076
0.0008819881275872354
0.0011071086568038419
0.0009933440638587763
