@CO	shape:(5,)
@CO	dtype:float64
@RG	ID:GATKCopyNumber	SM:San114N
VALUE_0
0.00020017634262485098
-0.00038790938696367153
-0.0024162733062965455
-0.000496521436079104
-1.5843440047822674
