@CO	shape:(5,)
@CO	dtype:float64
@RG	ID:GATKCopyNumber	SM:San114N
VALUE_0
0.0003292518949304206
0.00043227281303991305
0.00035617930683067744
0.0004214331429962243
0.0002881295214182917
