@CO	shape:(5,)
@CO	dtype:float64
@RG	ID:GATKCopyNumber	SM:Amm090
VALUE_0
-0.0012946040906955177
-6.722735407147152e-05
-0.0030564797456450296
0.0010013336144471556
-0.47691642749497415
