@CO	shape:(5,)
@CO	dtype:float64
@RG	ID:GATKCopyNumber	SM:Amm090
VALUE_0
0.00016806488229689017
0.00017087221413410333
0.00015437573505755998
0.0001729277162948988
0.00019717998714205152
