@CO	shape:(5,)
@CO	dtype:float64
@RG	ID:GATKCopyNumber	SM:San114
VALUE_0
6.998148189641404e-05
-0.000809228038497906
-0.0020812605535541176
0.00015544988976546792
-1.5833029054069898
