@CO	shape:(5,)
@CO	dtype:float64
@RG	ID:GATKCopyNumber	SM:San114
VALUE_0
0.00018332609043456417
0.00022347956991532344
0.0001522796731653948
0.00020642695038741891
0.00016554128364282514
