@CO	shape:(5,)
@CO	dtype:float64
@RG	ID:GATKCopyNumber	SM:San114
VALUE_0
6.430819566063668e-05
-0.0006271736873023769
-0.0026718146714822064
0.0012113625608262215
-1.5845926978484546
