@CO	shape:(5,)
@CO	dtype:float64
@RG	ID:GATKCopyNumber	SM:San114
VALUE_0
0.00019495869266747073
0.00020476281467843448
0.00015552603781834103
0.0001957855748146765
0.0001670484066317543
