@CO	shape:(5,)
@CO	dtype:float64
@RG	ID:GATKCopyNumber	SM:Amm087
VALUE_0
0.00014744088249713807
-0.0014556153817625666
-0.0018915072461931342
-3.329096349395571e-05
-1.5860403498599571
