@CO	shape:(5,)
@CO	dtype:float64
@RG	ID:GATKCopyNumber	SM:Amm087
VALUE_0
0.00019983598458356936
0.00017883818725253215
0.0001619249042125917
0.00018956848269649623
0.00015875443550048964
