@CO	shape:(5,)
@CO	dtype:float64
@RG	ID:GATKCopyNumber	SM:Amm092
VALUE_0
-0.0019328739008299268
0.0005651280940402183
-0.004042774245435195
0.00035265467343328677
-1.5852936475246024
