@CO	shape:(5,)
@CO	dtype:float64
@RG	ID:GATKCopyNumber	SM:Amm087
VALUE_0
0.0009765045887897342
0.0004943595046757276
-0.0022005467290698764
0.0006567228666876536
-0.47728060167028946
