@CO	shape:(5,)
@CO	dtype:float64
@RG	ID:GATKCopyNumber	SM:Amm087
VALUE_0
0.00018825010362329362
0.00018083191466082536
0.00016578859772465275
0.00018419000314435396
0.00018661213288203592
