@CO	shape:(5,)
@CO	dtype:float64
@RG	ID:GATKCopyNumber	SM:V088
VALUE_0
0.002706884968737095
0.10958843005391251
0.4426366476044914
-0.004238945429243157
-1.81044511458698
