@CO	shape:(5,)
@CO	dtype:float64
@RG	ID:GATKCopyNumber	SM:V088
VALUE_0
0.000991826390346423
0.0009752534144284944
0.0007571500680299706
0.0010327810727458046
0.0009068637839018316
