@CO	shape:(5,)
@CO	dtype:float64
@RG	ID:GATKCopyNumber	SM:San114
VALUE_0
3.2881753475712825e-05
-0.00046532668039051233
-0.0026117021319083766
-4.2561170424106455e-05
-0.47711756765794805
