@CO	shape:(5,)
@CO	dtype:float64
@RG	ID:GATKCopyNumber	SM:San114
VALUE_0
0.00018274315060336858
0.00020063666510973126
0.00015461834847624098
0.0002205618704475805
0.0001762368539924494
