@CO	shape:(5,)
@CO	dtype:float64
@RG	ID:GATKCopyNumber	SM:Wes123
VALUE_0
0.0004899097837662381
-0.00042650735767729085
-0.0024220295566034075
-0.0003842066401267452
-0.477891259394107
