@CO	shape:(5,)
@CO	dtype:float64
@RG	ID:GATKCopyNumber	SM:Wes123
VALUE_0
0.0001465311279062612
0.00016033699910288532
0.00015538500892408604
0.00017797477691978275
0.00019294702382881664
