@CO	shape:(5,)
@CO	dtype:float64
@RG	ID:GATKCopyNumber	SM:Wes109
VALUE_0
-0.0002487022610752536
0.0007495410053966472
-0.00403909887820337
0.0002863310163565935
-1.5857727073118
