@CO	shape:(5,)
@CO	dtype:float64
@RG	ID:GATKCopyNumber	SM:Wes109
VALUE_0
0.000175162646017034
0.000184660050077784
0.00013942560525583375
0.00019050044343150467
0.000141765503874501
