@CO	shape:(5,)
@CO	dtype:float64
@RG	ID:GATKCopyNumber	SM:Wes123
VALUE_0
0.0016360579568653324
-5.405174049223573e-05
-0.0015856484957656144
0.000980927045117594
-1.5835059865404442
