@CO	shape:(5,)
@CO	dtype:float64
@RG	ID:GATKCopyNumber	SM:Wes123
VALUE_0
0.00016149325265649004
0.000184658397807306
0.00012823265573420973
0.00017327846083208746
0.00013092959053369012
