@CO	shape:(5,)
@CO	dtype:float64
@RG	ID:GATKCopyNumber	SM:Amm087
VALUE_0
-0.0007418986065313658
-0.0003889068841892923
-0.0010269234097909903
-0.0007532493625540969
-1.5838775044537643
