@CO	shape:(5,)
@CO	dtype:float64
@RG	ID:GATKCopyNumber	SM:Amm087
VALUE_0
0.0001888158505499274
0.00023186919208197654
0.00017052582221812105
0.0002105003641619219
0.00017385801343300657
