@CO	shape:(5,)
@CO	dtype:float64
@RG	ID:GATKCopyNumber	SM:Amm090
VALUE_0
-0.00035422509173147724
0.0015340936805162
-0.0032705105143246847
0.00021676961790506897
-1.583404810389577
