@CO	shape:(5,)
@CO	dtype:float64
@RG	ID:GATKCopyNumber	SM:Amm090
VALUE_0
0.00017817540477831095
0.0001607421678987825
0.0001512090981833435
0.0001780490368626925
0.0001468593685842504
