@CO	shape:(5,)
@CO	dtype:float64
@RG	ID:GATKCopyNumber	SM:Amm105
VALUE_0
0.00016221009532119753
0.00017710677535001657
0.0001707651688668134
0.00018371605930610977
0.00015258684413472554
