@CO	shape:(5,)
@CO	dtype:float64
@RG	ID:GATKCopyNumber	SM:Amm090
VALUE_0
-0.0017300882023443243
0.00047211139674842794
-0.0025586118191180188
0.00013632027087769494
-1.5814358172151952
