@CO	shape:(5,)
@CO	dtype:float64
@RG	ID:GATKCopyNumber	SM:Amm090
VALUE_0
0.00016605448672399526
0.0002053037430109471
0.00015104164888752296
0.00020229107940629873
0.00013708198244394062
