@CO	shape:(5,)
@CO	dtype:float64
@RG	ID:GATKCopyNumber	SM:San026
VALUE_0
0.1858670204518947
-0.0005268060787561835
0.2223946441833712
0.0008143847748789207
-0.5714223487274495
