@CO	shape:(5,)
@CO	dtype:float64
@RG	ID:GATKCopyNumber	SM:San026
VALUE_0
0.0009526477151202199
0.0009833297670459366
0.0008279213344541043
0.0009803111512467944
0.0008817033228279154
