@CO	shape:(5,)
@CO	dtype:float64
@RG	ID:GATKCopyNumber	SM:Amm105
VALUE_0
0.00016694367442969543
0.0001647333299637205
0.00014779891860411602
0.00018324588487466455
0.00015874116632211673
