@CO	shape:(5,)
@CO	dtype:float64
@RG	ID:GATKCopyNumber	SM:San026
VALUE_0
0.19242245150851733
-7.470028500654292e-05
0.21601900632539173
-0.0015083682484695923
-1.862085872191885
