@CO	shape:(5,)
@CO	dtype:float64
@RG	ID:GATKCopyNumber	SM:San026
VALUE_0
0.0008978927542569273
0.0011491801022506742
0.0007460682313845448
0.0010038789610652753
0.0007704753448268248
