@CO	shape:(5,)
@CO	dtype:float64
@RG	ID:GATKCopyNumber	SM:Amm105
VALUE_0
-0.0007649028321165508
0.0002925837894429124
-0.0036332779895692944
-0.00022175858411733036
-0.47652142302169137
