@CO	shape:(5,)
@CO	dtype:float64
@RG	ID:GATKCopyNumber	SM:Amm105
VALUE_0
0.00016175120411807497
0.00019107190518597366
0.0001490783908888981
0.00017862841600633044
0.00018480474288101034
