@CO	shape:(5,)
@CO	dtype:float64
@RG	ID:GATKCopyNumber	SM:Amm092
VALUE_0
-0.0023331814780629574
-5.247639617031235e-05
-0.004778126388557604
0.0002049898148601511
-0.47691702605385367
