@CO	shape:(5,)
@CO	dtype:float64
@RG	ID:GATKCopyNumber	SM:Amm092
VALUE_0
0.0001773281707006854
0.0001954162826081239
0.00015610311306481496
0.0001898942663964007
0.0001944576927492765
