@CO	shape:(5,)
@CO	dtype:float64
@RG	ID:GATKCopyNumber	SM:V129
VALUE_0
0.0007003748520336011
0.0012633722349684492
-0.0018421151057287566
-9.258336845906234e-05
-1.5828884536210162
