@CO	shape:(5,)
@CO	dtype:float64
@RG	ID:GATKCopyNumber	SM:V129
VALUE_0
0.0002016597631027513
0.00018635995618788715
0.0001465947891119372
0.0001796483502384954
0.0001530768131953176
