@CO	shape:(5,)
@CO	dtype:float64
@RG	ID:GATKCopyNumber	SM:V129
VALUE_0
-0.00012679717408243922
9.833260268756527e-05
-0.002890204878599136
0.00018462098182386242
-1.581215170103461
