@CO	shape:(5,)
@CO	dtype:float64
@RG	ID:GATKCopyNumber	SM:V129
VALUE_0
0.0002061892017205669
0.00020077248381682153
0.00014038139902575156
0.00019389480072745712
0.0001469915033303796
