@CO	shape:(5,)
@CO	dtype:float64
@RG	ID:GATKCopyNumber	SM:Wes109
VALUE_0
-0.0005756205262772122
0.0004808663344993015
-0.002990809622283247
-0.0006935051541497818
-1.584432887104134
