@CO	shape:(5,)
@CO	dtype:float64
@RG	ID:GATKCopyNumber	SM:Wes109
VALUE_0
0.00015116328484210883
0.0002235351057717905
0.00015325595640717623
0.000202529444527304
0.00014466971024124255
