@CO	shape:(5,)
@CO	dtype:float64
@RG	ID:GATKCopyNumber	SM:San114N
VALUE_0
0.000992576097703893
0.000534857971789926
-0.0023007266918476767
-8.202618731194333e-05
-0.4748617910885895
