@CO	shape:(5,)
@CO	dtype:float64
@RG	ID:GATKCopyNumber	SM:San114N
VALUE_0
0.0003370984199144456
0.00037859070802054805
0.0003434976779027617
0.00039129637002541733
0.00041475187893323705
