@CO	shape:(5,)
@CO	dtype:float64
@RG	ID:GATKCopyNumber	SM:San114N
VALUE_0
-0.0007109495000395586
-0.00025523224246033993
-0.004085350256065527
-0.000665149292553868
-1.5862840159718206
