@CO	shape:(5,)
@CO	dtype:float64
@RG	ID:GATKCopyNumber	SM:San026
VALUE_0
-3.79424778618393e-06
-0.1942866945335
0.21115649296752187
0.0013079335787538878
-1.8651681687877084
