@CO	shape:(5,)
@CO	dtype:float64
@RG	ID:GATKCopyNumber	SM:San026
VALUE_0
0.0010037360479025765
0.000885122437789044
0.0008281101935031048
0.00099010081879365
0.0008119867494195017
