@CO	shape:(5,)
@CO	dtype:float64
@RG	ID:GATKCopyNumber	SM:Wes109
VALUE_0
0.0001981666188501481
-9.103818479946538e-05
-0.0025673407368194253
0.0002759311449661069
-0.4782540614904211
